{"cameraMode":{"drawMode":0,"name":"Shaded","section":"Shading Mode"},"sceneLighting":true,"audioPlay":false,"sceneViewState":{"showFog":true,"showMaterialUpdate":false,"showSkybox":true,"showFlares":true,"showImageEffects":true,"showParticleSystems":true},"in2DMode":false,"pivot":{"x":-16.769676208496095,"y":-0.6885799765586853,"z":-5.220734119415283},"rotation":{"x":-0.10051282495260239,"y":0.04982225224375725,"z":-0.00503949448466301,"w":-0.9936752319335938},"size":20.383943557739259,"orthographic":false}